PRACTICE_CODE,REVISED_MAXIMUM_POINTS
A81001,567
A81002,567
A81004,567
A81005,567
A81006,567
A81007,567
A81009,567
A81011,567
A81012,567
A81013,567
A81014,567
A81016,567
A81017,567
A81018,567
A81019,567
A81020,567
A81021,567
A81022,567
A81023,567
A81025,567
A81026,567
A81027,567
A81029,567
A81030,567
A81031,567
A81032,567
A81034,567
A81035,567
A81036,567
A81037,567
A81038,567
A81039,567
A81040,567
A81041,567
A81042,567
A81043,567
A81044,567
A81045,567
A81046,567
A81048,567
A81049,567
A81051,567
A81052,567
A81053,567
A81054,567
A81056,567
A81057,567
A81058,567
A81060,567
A81063,567
A81064,567
A81065,567
A81066,567
A81067,567
A81070,567
A81602,567
A81608,567
A81610,567
A81611,567
A81612,567
A81618,567
A81621,567
A81622,567
A81629,567
A81630,514
A81631,567
A81633,462
A81634,567
A82003,567
A82004,567
A82005,567
A82006,567
A82007,567
A82008,567
A82009,567
A82010,567
A82012,567
A82013,567
A82014,567
A82015,567
A82016,567
A82018,567
A82019,567
A82020,567
A82021,567
A82022,567
A82023,567
A82024,567
A82025,567
A82026,567
A82027,567
A82028,567
A82029,567
A82030,567
A82031,567
A82032,567
A82033,567
A82035,567
A82036,567
A82037,567
A82038,567
A82039,567
A82041,567
A82044,567
A82045,567
A82046,567
A82047,567
A82053,567
A82055,567
A82058,567
A82062,567
A82064,567
A82068,567
A82070,567
A82071,567
A82072,567
A82075,567
A82077,567
A82608,567
A82613,563
A82617,567
A82620,567
A82629,567
A82631,567
A82646,567
A82647,567
A82650,567
A82651,567
A82654,567
A83001,567
A83003,567
A83005,567
A83006,567
A83007,567
A83008,567
A83009,567
A83010,567
A83011,567
A83012,567
A83013,567
A83014,567
A83015,567
A83016,567
A83018,567
A83020,567
A83021,567
A83022,567
A83023,567
A83024,567
A83025,567
A83026,567
A83027,567
A83028,567
A83029,567
A83030,567
A83031,567
A83032,567
A83033,567
A83034,567
A83035,567
A83036,567
A83037,567
A83038,567
A83040,567
A83041,567
A83043,567
A83044,567
A83045,567
A83046,567
A83047,567
A83048,567
A83049,567
A83050,567
A83051,567
A83052,567
A83054,567
A83055,567
A83057,567
A83060,567
A83061,567
A83066,567
A83070,567
A83071,567
A83072,567
A83073,567
A83074,567
A83075,567
A83610,567
A83616,567
A83617,567
A83618,567
A83619,567
A83622,567
A83626,567
A83627,567
A83634,567
A83635,567
A83636,567
A83637,567
A83641,567
A83644,567
A84002,567
A84005,567
A84006,567
A84007,567
A84008,567
A84009,567
A84011,567
A84013,567
A84014,567
A84016,567
A84018,567
A84020,567
A84022,567
A84024,567
A84025,567
A84026,567
A84027,567
A84028,567
A84029,567
A84030,567
A84031,567
A84032,567
A84033,567
A84034,567
A84035,567
A84036,567
A84037,567
A84038,567
A84039,567
A84040,567
A84042,567
A84044,567
A84045,567
A84047,567
A84604,567
A84609,567
A84614,567
A84619,567
A85001,567
A85002,567
A85003,567
A85004,567
A85005,567
A85006,567
A85007,567
A85008,567
A85009,567
A85010,567
A85011,567
A85012,567
A85013,567
A85014,567
A85016,567
A85017,567
A85018,567
A85019,567
A85020,567
A85021,567
A85023,567
A85024,567
A85026,567
A85611,567
A85614,567
A85616,567
A85617,567
A85620,567
A86003,567
A86004,567
A86005,567
A86006,567
A86007,567
A86008,567
A86010,567
A86011,567
A86012,567
A86013,567
A86016,567
A86017,567
A86018,567
A86020,567
A86021,567
A86022,567
A86023,567
A86024,567
A86025,567
A86026,567
A86027,567
A86028,567
A86029,567
A86030,567
A86031,567
A86033,567
A86035,567
A86036,567
A86037,567
A86038,567
A86040,567
A86041,567
A86601,567
A87002,567
A87003,567
A87004,567
A87005,567
A87006,567
A87007,567
A87008,567
A87009,567
A87011,567
A87012,567
A87013,567
A87016,567
A87017,567
A87019,567
A87020,567
A87022,567
A87023,567
A87029,567
A87030,567
A87600,567
A87612,567
A87615,567
A88001,567
A88002,567
A88003,567
A88004,567
A88005,567
A88006,567
A88007,567
A88008,567
A88009,567
A88010,567
A88012,567
A88013,567
A88014,567
A88015,567
A88016,567
A88022,567
A88023,567
A88025,567
A88601,567
A88608,567
A88613,567
A89001,567
A89002,567
A89004,567
A89005,567
A89006,567
A89007,567
A89008,567
A89009,567
A89010,567
A89011,567
A89012,567
A89013,567
A89015,567
A89016,567
A89017,567
A89018,567
A89019,567
A89020,567
A89021,567
A89022,567
A89023,567
A89024,567
A89025,567
A89026,567
A89027,567
A89028,567
A89030,567
A89031,567
A89032,567
A89034,567
A89035,567
A89036,567
A89040,567
A89041,567
A89614,567
A89616,567
A89617,567
A89623,567
B81002,564
B81003,567
B81004,567
B81005,567
B81006,567
B81007,567
B81008,567
B81009,567
B81010,567
B81011,567
B81012,567
B81013,567
B81014,567
B81015,567
B81016,567
B81017,567
B81018,567
B81020,567
B81022,567
B81023,567
B81024,567
B81025,567
B81026,567
B81027,567
B81029,567
B81030,567
B81031,567
B81032,567
B81034,567
B81035,567
B81036,567
B81037,567
B81038,567
B81039,567
B81040,567
B81041,567
B81042,567
B81043,567
B81045,567
B81046,567
B81047,567
B81048,567
B81051,567
B81052,567
B81054,567
B81055,567
B81058,567
B81060,567
B81061,567
B81063,567
B81064,567
B81065,567
B81068,567
B81069,567
B81070,567
B81074,567
B81075,567
B81077,567
B81082,567
B81085,567
B81087,567
B81088,567
B81090,567
B81091,567
B81092,567
B81095,567
B81097,567
B81099,567
B81100,567
B81101,567
B81104,567
B81108,567
B81109,567
B81112,567
B81113,567
B81118,567
B81119,567
B81606,567
B81616,567
B81617,567
B81619,567
B81620,567
B81628,567
B81631,567
B81635,567
B81642,567
B81645,567
B81647,567
B81648,567
B81653,567
B81655,567
B81656,567
B81658,567
B81663,567
B81664,567
B81665,567
B81666,567
B81675,567
B81697,567
B82002,567
B82004,567
B82005,567
B82007,567
B82008,567
B82010,567
B82011,567
B82012,567
B82013,567
B82014,567
B82016,567
B82017,567
B82018,567
B82019,567
B82020,567
B82021,567
B82022,567
B82023,567
B82024,567
B82025,567
B82026,567
B82027,567
B82028,567
B82029,567
B82030,567
B82031,567
B82032,567
B82033,567
B82034,567
B82035,567
B82036,567
B82037,567
B82038,567
B82041,567
B82042,567
B82044,567
B82045,567
B82046,567
B82047,567
B82049,567
B82050,567
B82053,567
B82054,567
B82057,567
B82059,567
B82060,567
B82061,567
B82062,567
B82063,567
B82064,567
B82066,567
B82067,567
B82068,567
B82069,567
B82071,567
B82072,567
B82073,567
B82074,567
B82075,567
B82077,567
B82078,567
B82079,567
B82080,567
B82081,567
B82083,567
B82086,567
B82088,567
B82091,567
B82097,567
B82098,567
B82100,567
B82101,567
B82104,567
B82105,567
B82106,567
B82609,567
B82619,567
B82622,567
B82628,567
B83002,567
B83005,567
B83006,567
B83008,567
B83009,567
B83010,567
B83012,567
B83014,567
B83015,567
B83016,567
B83017,567
B83018,567
B83019,567
B83020,567
B83021,567
B83022,567
B83023,567
B83025,567
B83026,567
B83027,567
B83028,567
B83029,567
B83030,567
B83031,567
B83032,567
B83033,567
B83034,567
B83035,567
B83037,567
B83038,567
B83039,567
B83041,567
B83042,567
B83045,567
B83049,567
B83051,564
B83052,567
B83054,567
B83055,567
B83056,567
B83058,567
B83061,567
B83062,567
B83063,567
B83064,567
B83067,567
B83602,567
B83604,567
B83611,567
B83614,567
B83617,567
B83620,567
B83621,567
B83622,567
B83624,567
B83626,567
B83627,567
B83628,567
B83629,567
B83641,567
B83642,567
B83653,567
B83657,567
B83659,567
B83660,567
B83661,567
B84001,567
B84003,567
B84004,567
B84005,567
B84006,567
B84007,567
B84008,567
B84009,567
B84010,567
B84011,567
B84012,567
B84013,567
B84014,567
B84016,567
B84019,567
B84021,567
B84612,567
B84613,567
B84618,567
B84623,567
B85001,567
B85002,567
B85004,567
B85005,567
B85006,567
B85008,567
B85009,567
B85010,567
B85012,567
B85014,567
B85015,567
B85016,567
B85018,567
B85019,567
B85020,567
B85021,567
B85022,567
B85023,567
B85024,567
B85025,567
B85026,567
B85027,567
B85028,567
B85030,567
B85031,567
B85032,567
B85033,567
B85036,567
B85037,567
B85038,567
B85041,567
B85042,567
B85044,567
B85048,567
B85051,567
B85054,567
B85055,567
B85058,567
B85059,567
B85060,567
B85061,567
B85062,564
B85606,567
B85610,567
B85611,567
B85612,567
B85614,567
B85619,567
B85620,567
B85622,567
B85623,567
B85634,567
B85636,567
B85640,567
B85641,567
B85645,567
B85646,567
B85650,567
B85652,567
B85655,567
B85659,462
B85660,567
B86001,567
B86002,567
B86003,567
B86004,567
B86005,567
B86006,567
B86007,567
B86008,567
B86009,567
B86010,567
B86011,567
B86012,567
B86013,567
B86014,567
B86015,567
B86016,567
B86017,567
B86018,567
B86019,567
B86020,567
B86022,567
B86023,567
B86024,567
B86025,567
B86028,567
B86029,567
B86030,567
B86032,567
B86033,567
B86034,567
B86035,567
B86036,567
B86038,567
B86039,567
B86041,567
B86042,567
B86043,567
B86044,567
B86048,567
B86049,567
B86050,567
B86051,567
B86052,567
B86054,567
B86055,567
B86056,567
B86057,567
B86058,567
B86059,567
B86060,567
B86061,564
B86062,567
B86064,567
B86066,567
B86067,567
B86068,567
B86069,567
B86070,567
B86071,567
B86074,567
B86075,567
B86081,567
B86086,567
B86089,567
B86092,567
B86093,567
B86094,567
B86096,567
B86100,567
B86101,567
B86103,567
B86104,567
B86106,567
B86108,567
B86109,567
B86110,454
B86623,564
B86625,567
B86642,564
B86643,567
B86648,567
B86654,567
B86655,567
B86658,567
B86666,567
B86667,567
B86669,520
B86672,567
B86673,567
B86675,567
B86678,567
B87001,567
B87002,567
B87003,567
B87004,567
B87005,567
B87006,567
B87007,567
B87008,567
B87009,567
B87011,567
B87012,567
B87013,567
B87015,567
B87016,567
B87017,567
B87018,567
B87019,567
B87020,567
B87021,567
B87022,567
B87025,567
B87026,567
B87027,567
B87028,567
B87030,567
B87031,567
B87032,567
B87033,567
B87036,567
B87039,567
B87041,567
B87042,567
B87044,567
B87600,567
B87602,567
B87604,567
C81001,567
C81002,567
C81003,567
C81004,567
C81005,567
C81006,567
C81007,567
C81008,567
C81009,567
C81010,567
C81012,567
C81013,567
C81014,567
C81015,567
C81016,567
C81017,567
C81018,567
C81020,567
C81021,567
C81022,567
C81023,567
C81025,567
C81026,567
C81027,567
C81028,567
C81029,567
C81030,567
C81031,567
C81032,567
C81033,567
C81034,567
C81035,567
C81036,567
C81037,567
C81038,567
C81039,567
C81040,567
C81041,567
C81042,567
C81044,567
C81045,567
C81046,567
C81047,567
C81048,567
C81049,567
C81050,567
C81051,567
C81052,567
C81053,567
C81054,567
C81055,567
C81056,567
C81057,567
C81058,567
C81059,567
C81060,567
C81061,567
C81062,567
C81063,567
C81064,567
C81065,567
C81066,567
C81067,567
C81068,567
C81069,567
C81070,567
C81071,567
C81072,567
C81073,567
C81074,567
C81075,567
C81077,567
C81080,567
C81081,567
C81082,567
C81083,567
C81084,567
C81086,567
C81087,567
C81089,567
C81090,567
C81091,567
C81092,567
C81094,567
C81095,567
C81096,567
C81097,567
C81099,567
C81101,567
C81106,567
C81108,567
C81110,567
C81113,567
C81114,567
C81115,567
C81118,567
C81604,567
C81611,567
C81615,567
C81616,567
C81634,567
C81638,567
C81640,567
C81642,567
C81647,567
C81649,567
C81652,567
C81653,567
C81655,567
C81658,567
C81660,567
C81661,567
C81662,567
C82001,567
C82002,567
C82003,567
C82005,567
C82007,567
C82008,567
C82009,567
C82010,567
C82011,567
C82012,567
C82013,567
C82014,567
C82016,567
C82017,567
C82018,567
C82019,567
C82020,567
C82021,567
C82022,567
C82024,567
C82025,567
C82026,567
C82027,567
C82028,567
C82029,567
C82030,567
C82031,567
C82032,567
C82033,567
C82034,567
C82035,567
C82037,567
C82038,567
C82039,567
C82040,567
C82041,567
C82042,567
C82043,567
C82044,567
C82045,567
C82046,567
C82047,567
C82048,567
C82050,567
C82051,567
C82052,567
C82053,567
C82054,567
C82055,567
C82056,567
C82059,567
C82060,567
C82061,567
C82062,567
C82063,567
C82064,567
C82066,567
C82067,567
C82068,567
C82070,567
C82071,567
C82072,567
C82073,567
C82075,567
C82076,567
C82077,567
C82078,567
C82079,567
C82080,567
C82082,567
C82084,567
C82086,567
C82088,567
C82091,567
C82092,567
C82093,567
C82094,567
C82095,567
C82096,567
C82097,567
C82098,567
C82099,567
C82100,567
C82102,567
C82103,567
C82105,564
C82107,567
C82109,567
C82111,518
C82112,567
C82114,564
C82116,567
C82119,567
C82120,567
C82121,567
C82122,567
C82124,567
C82600,567
C82610,567
C82611,567
C82614,567
C82620,567
C82623,567
C82624,567
C82626,567
C82627,567
C82628,567
C82631,567
C82634,567
C82639,567
C82642,567
C82643,567
C82644,567
C82649,567
C82650,567
C82651,567
C82653,567
C82656,567
C82659,567
C82660,567
C82662,567
C82667,567
C82669,567
C82670,558
C82671,567
C82676,567
C82678,567
C82680,567
C83001,567
C83002,567
C83003,567
C83004,567
C83005,567
C83007,567
C83008,567
C83009,567
C83010,567
C83011,567
C83013,567
C83014,567
C83015,567
C83018,567
C83019,567
C83020,567
C83022,567
C83023,567
C83024,567
C83025,567
C83026,567
C83027,567
C83028,567
C83029,567
C83030,567
C83031,567
C83032,567
C83033,567
C83035,567
C83036,567
C83037,567
C83038,567
C83039,567
C83040,567
C83041,567
C83042,567
C83043,567
C83044,567
C83045,567
C83046,567
C83048,567
C83049,567
C83051,567
C83052,567
C83053,567
C83054,567
C83055,567
C83056,567
C83057,567
C83058,567
C83059,567
C83060,567
C83061,567
C83062,567
C83063,567
C83064,567
C83065,567
C83067,567
C83071,567
C83072,567
C83073,567
C83074,567
C83075,567
C83078,567
C83079,567
C83080,567
C83082,567
C83083,567
C83085,567
C83611,567
C83613,567
C83614,567
C83617,567
C83626,567
C83631,567
C83634,567
C83635,567
C83641,567
C83643,567
C83649,567
C83650,567
C83653,567
C84001,567
C84004,567
C84005,567
C84008,567
C84009,567
C84010,567
C84011,567
C84012,567
C84013,567
C84014,567
C84016,567
C84017,567
C84018,567
C84019,567
C84020,567
C84021,567
C84023,567
C84024,567
C84025,567
C84026,567
C84028,567
C84029,567
C84030,567
C84031,567
C84032,567
C84033,567
C84034,567
C84035,567
C84036,567
C84037,567
C84039,567
C84042,567
C84043,567
C84044,567
C84045,567
C84046,567
C84047,567
C84049,567
C84051,567
C84053,567
C84055,567
C84057,567
C84059,567
C84060,567
C84061,567
C84063,567
C84064,567
C84065,567
C84066,567
C84067,567
C84069,567
C84072,567
C84074,567
C84076,567
C84077,567
C84078,567
C84080,567
C84081,567
C84084,567
C84085,567
C84086,567
C84087,567
C84090,567
C84091,567
C84092,567
C84094,567
C84095,567
C84101,567
C84103,567
C84105,567
C84106,567
C84107,567
C84112,567
C84113,567
C84114,567
C84115,567
C84116,567
C84117,564
C84120,567
C84122,567
C84123,567
C84127,567
C84129,567
C84131,567
C84135,567
C84136,564
C84138,564
C84140,567
C84142,567
C84144,567
C84150,567
C84151,567
C84605,567
C84613,567
C84619,567
C84621,567
C84624,567
C84628,567
C84629,567
C84637,567
C84646,567
C84647,567
C84654,567
C84656,567
C84658,567
C84660,567
C84664,567
C84667,567
C84676,567
C84679,567
C84682,567
C84683,567
C84691,567
C84692,567
C84693,567
C84694,567
C84695,567
C84696,567
C84703,567
C84704,567
C84705,567
C84714,454
C84717,567
C85001,567
C85003,567
C85004,567
C85005,567
C85006,567
C85007,567
C85008,567
C85009,567
C85010,567
C85013,567
C85014,567
C85016,567
C85017,567
C85018,567
C85019,564
C85020,567
C85022,567
C85023,567
C85024,567
C85026,567
C85028,564
C85030,567
C85033,567
C85614,567
C85619,567
C85622,567
C85623,567
C86001,567
C86002,567
C86003,567
C86005,567
C86006,567
C86007,567
C86009,567
C86011,567
C86012,567
C86013,567
C86015,567
C86016,567
C86017,567
C86018,567
C86019,567
C86020,567
C86021,567
C86022,567
C86023,567
C86024,567
C86025,567
C86026,567
C86029,567
C86032,567
C86033,567
C86034,567
C86037,567
C86038,567
C86605,567
C86606,567
C86609,567
C86611,567
C86613,567
C86614,567
C86616,567
C86621,567
C86625,567
C86626,567
C87002,567
C87003,567
C87004,567
C87005,567
C87006,567
C87007,567
C87008,567
C87009,567
C87010,567
C87012,567
C87013,567
C87014,567
C87015,567
C87016,567
C87017,567
C87018,567
C87020,567
C87022,567
C87024,567
C87029,567
C87030,567
C87031,567
C87603,567
C87604,567
C87606,567
C87608,567
C87616,567
C87620,567
C87622,567
C88005,567
C88006,567
C88007,567
C88008,567
C88009,567
C88010,567
C88011,567
C88014,567
C88015,567
C88016,567
C88018,567
C88019,567
C88020,567
C88021,567
C88022,567
C88023,567
C88025,567
C88026,567
C88027,567
C88028,567
C88030,567
C88031,567
C88032,567
C88034,567
C88035,567
C88036,567
C88037,567
C88038,567
C88039,567
C88040,567
C88041,567
C88043,567
C88044,567
C88045,567
C88046,567
C88047,567
C88048,567
C88049,567
C88050,567
C88051,567
C88052,567
C88053,567
C88054,567
C88059,567
C88060,567
C88062,567
C88068,567
C88069,567
C88070,567
C88072,567
C88073,567
C88074,567
C88076,567
C88077,567
C88078,567
C88079,567
C88082,567
C88083,567
C88084,564
C88085,567
C88086,567
C88087,567
C88088,567
C88090,567
C88091,567
C88092,567
C88095,567
C88096,567
C88622,567
C88627,458
C88631,564
C88647,567
C88648,567
C88652,567
C88655,564
C88656,567
D81001,567
D81002,567
D81003,567
D81004,567
D81005,567
D81008,567
D81010,567
D81011,567
D81012,567
D81013,567
D81014,567
D81015,567
D81016,567
D81017,567
D81018,567
D81021,567
D81022,567
D81023,567
D81025,567
D81026,567
D81027,567
D81028,567
D81029,567
D81030,567
D81031,567
D81033,567
D81034,567
D81035,567
D81036,567
D81037,567
D81038,567
D81041,567
D81042,567
D81043,567
D81044,567
D81045,567
D81046,567
D81047,567
D81049,567
D81050,567
D81051,567
D81052,567
D81054,567
D81055,567
D81056,567
D81057,567
D81058,567
D81059,567
D81060,567
D81061,567
D81062,567
D81064,567
D81065,567
D81066,567
D81070,567
D81073,567
D81078,567
D81081,567
D81082,567
D81084,567
D81085,567
D81086,567
D81602,567
D81603,567
D81606,567
D81607,567
D81611,567
D81612,567
D81615,567
D81618,567
D81622,567
D81625,567
D81629,567
D81630,567
D81631,567
D81633,567
D81637,567
D81645,567
D82001,567
D82002,567
D82003,567
D82004,567
D82005,567
D82006,567
D82007,567
D82008,567
D82009,567
D82010,567
D82011,567
D82012,567
D82013,567
D82015,567
D82016,567
D82017,567
D82018,567
D82019,567
D82020,567
D82022,567
D82023,567
D82024,567
D82025,567
D82026,567
D82027,567
D82028,567
D82029,567
D82030,567
D82031,567
D82032,567
D82034,567
D82035,567
D82036,567
D82037,567
D82038,567
D82039,567
D82040,567
D82041,567
D82042,567
D82043,567
D82044,567
D82045,567
D82046,567
D82047,567
D82048,567
D82049,567
D82050,567
D82051,567
D82053,567
D82054,567
D82056,567
D82057,567
D82058,567
D82059,567
D82060,567
D82062,567
D82063,567
D82064,567
D82065,567
D82066,567
D82067,567
D82068,567
D82070,567
D82071,567
D82072,567
D82073,567
D82076,567
D82078,567
D82079,567
D82080,567
D82084,567
D82085,567
D82087,567
D82088,523
D82096,567
D82099,567
D82100,567
D82104,567
D82105,567
D82106,567
D82600,564
D82604,567
D82618,567
D82621,567
D82624,567
D82628,567
D83001,567
D83002,567
D83003,567
D83004,567
D83005,567
D83006,567
D83007,567
D83008,567
D83009,567
D83010,567
D83011,567
D83012,567
D83013,567
D83014,567
D83015,567
D83016,567
D83017,567
D83018,567
D83019,567
D83020,567
D83021,567
D83022,567
D83023,567
D83024,567
D83026,567
D83027,567
D83028,567
D83029,567
D83030,567
D83033,567
D83034,567
D83035,567
D83037,567
D83038,567
D83039,567
D83040,567
D83041,567
D83043,567
D83044,567
D83045,567
D83046,567
D83047,567
D83048,567
D83049,567
D83050,567
D83051,567
D83053,567
D83054,567
D83055,567
D83056,567
D83057,567
D83058,567
D83059,567
D83060,567
D83061,567
D83062,567
D83064,567
D83067,567
D83069,567
D83070,567
D83073,567
D83074,567
D83075,567
D83076,567
D83078,567
D83079,567
D83080,567
D83081,567
D83084,567
D83608,567
D83610,567
D83615,567
E81001,567
E81002,567
E81003,567
E81004,567
E81005,567
E81006,567
E81007,567
E81008,567
E81009,567
E81010,567
E81012,567
E81013,567
E81014,567
E81015,567
E81016,567
E81018,567
E81019,567
E81021,567
E81022,567
E81024,567
E81025,567
E81026,567
E81027,567
E81028,567
E81029,567
E81030,567
E81031,567
E81032,567
E81033,567
E81034,567
E81035,567
E81036,567
E81037,567
E81038,567
E81040,567
E81041,567
E81043,567
E81044,567
E81045,567
E81046,567
E81047,567
E81048,567
E81049,567
E81050,567
E81052,567
E81057,567
E81060,567
E81061,567
E81063,567
E81064,567
E81065,567
E81069,567
E81073,567
E81074,567
E81076,567
E81077,567
E81611,567
E81612,567
E81615,564
E81617,567
E81631,567
E81632,567
E81633,567
E81635,567
E82001,567
E82002,567
E82004,567
E82005,567
E82006,567
E82007,567
E82008,567
E82009,567
E82012,567
E82013,567
E82014,567
E82015,567
E82017,567
E82018,567
E82019,567
E82020,567
E82021,567
E82022,567
E82023,567
E82024,567
E82027,567
E82031,567
E82032,567
E82035,567
E82037,567
E82038,567
E82040,567
E82041,567
E82042,567
E82043,567
E82044,567
E82045,567
E82046,567
E82048,567
E82049,567
E82050,567
E82051,567
E82053,567
E82055,567
E82056,567
E82058,567
E82059,567
E82060,567
E82061,567
E82062,567
E82063,567
E82064,567
E82066,567
E82067,567
E82068,567
E82069,567
E82070,567
E82071,567
E82072,567
E82073,567
E82074,567
E82075,567
E82077,567
E82078,567
E82079,567
E82081,567
E82082,567
E82083,567
E82084,567
E82085,567
E82086,567
E82088,567
E82089,567
E82090,567
E82091,567
E82092,567
E82093,567
E82094,567
E82096,567
E82098,567
E82099,567
E82100,567
E82102,567
E82104,567
E82105,567
E82106,567
E82107,567
E82111,567
E82113,564
E82115,567
E82117,567
E82121,567
E82123,567
E82124,567
E82129,567
E82130,567
E82131,567
E82132,567
E82133,567
E82626,567
E82638,567
E82640,567
E82643,567
E82644,564
E82652,567
E82654,567
E82655,567
E82657,567
E82661,567
E83003,567
E83005,567
E83006,567
E83007,567
E83008,567
E83009,567
E83010,567
E83011,567
E83012,567
E83013,567
E83016,567
E83017,567
E83018,567
E83020,567
E83021,567
E83024,567
E83025,567
E83026,567
E83027,567
E83028,567
E83030,567
E83031,567
E83032,567
E83034,567
E83035,567
E83037,567
E83038,567
E83039,567
E83041,567
E83044,567
E83045,567
E83046,567
E83049,567
E83050,567
E83053,567
E83600,567
E83613,567
E83621,567
E83622,567
E83637,567
E83638,567
E83639,567
E83649,567
E83650,567
E83653,567
E83657,567
E83668,567
E84002,567
E84003,567
E84004,567
E84005,567
E84006,567
E84007,567
E84008,567
E84009,567
E84011,567
E84012,567
E84013,567
E84014,567
E84015,567
E84017,567
E84018,567
E84020,567
E84022,567
E84024,567
E84025,567
E84028,567
E84030,567
E84031,567
E84032,567
E84033,567
E84036,567
E84039,567
E84040,567
E84042,567
E84044,567
E84048,567
E84049,567
E84051,567
E84053,567
E84057,567
E84058,567
E84059,567
E84061,567
E84062,567
E84063,567
E84066,567
E84067,567
E84068,567
E84069,567
E84070,567
E84074,567
E84075,567
E84076,567
E84078,567
E84080,567
E84083,567
E84086,567
E84601,567
E84617,567
E84620,567
E84626,567
E84635,567
E84637,567
E84638,567
E84645,567
E84646,567
E84647,567
E84653,567
E84656,567
E84658,567
E84663,567
E84665,567
E84674,567
E84676,567
E84678,567
E84680,567
E84681,564
E84684,567
E84685,567
E84693,567
E84699,567
E84701,567
E84702,567
E84704,567
E84709,567
E84713,567
E85001,567
E85003,567
E85004,567
E85005,567
E85006,567
E85007,567
E85008,567
E85012,567
E85013,567
E85014,567
E85015,567
E85016,567
E85018,567
E85019,567
E85020,567
E85021,567
E85023,567
E85024,567
E85025,567
E85026,567
E85028,567
E85029,567
E85030,567
E85032,567
E85033,567
E85034,567
E85035,567
E85038,567
E85040,567
E85041,567
E85042,567
E85045,567
E85046,567
E85048,567
E85049,567
E85050,567
E85051,567
E85052,567
E85053,567
E85054,567
E85055,567
E85056,567
E85057,567
E85058,567
E85059,567
E85060,567
E85061,567
E85062,567
E85064,567
E85066,567
E85069,567
E85071,567
E85074,567
E85075,567
E85077,564
E85083,567
E85088,567
E85090,567
E85091,567
E85096,567
E85098,567
E85099,567
E85103,567
E85107,567
E85108,567
E85109,567
E85111,567
E85112,567
E85113,567
E85114,567
E85115,567
E85116,567
E85118,567
E85119,567
E85120,567
E85121,567
E85122,567
E85123,567
E85124,567
E85125,567
E85126,567
E85127,567
E85128,567
E85129,567
E85130,567
E85600,567
E85605,567
E85617,567
E85623,564
E85624,567
E85625,567
E85628,567
E85630,567
E85633,567
E85635,567
E85636,567
E85640,567
E85643,567
E85649,567
E85656,567
E85657,567
E85658,564
E85659,567
E85663,567
E85677,567
E85680,567
E85681,567
E85682,567
E85683,567
E85685,567
E85687,567
E85692,567
E85693,567
E85694,567
E85696,567
E85697,567
E85699,567
E85707,567
E85708,567
E85712,567
E85713,567
E85714,567
E85715,567
E85716,567
E85718,567
E85719,567
E85721,567
E85725,567
E85726,567
E85734,567
E85735,567
E85736,567
E85739,567
E85740,567
E85743,564
E85744,567
E85745,567
E85746,567
E85748,564
E85750,567
E86001,567
E86003,567
E86004,567
E86005,567
E86006,567
E86007,567
E86009,567
E86010,567
E86011,567
E86012,567
E86014,567
E86015,567
E86016,567
E86017,567
E86018,567
E86019,567
E86020,567
E86022,567
E86024,567
E86026,567
E86027,567
E86028,567
E86029,567
E86030,567
E86033,567
E86034,567
E86036,567
E86038,567
E86041,567
E86042,567
E86605,567
E86609,567
E86610,567
E86612,567
E86615,567
E86618,567
E86619,567
E86620,567
E86625,567
E86626,567
E86629,567
E86632,567
E86637,567
E86640,567
E87002,567
E87003,567
E87004,567
E87005,567
E87006,567
E87007,567
E87008,567
E87009,567
E87010,567
E87011,567
E87013,567
E87016,567
E87021,567
E87024,567
E87026,564
E87029,567
E87034,567
E87037,567
E87038,567
E87043,567
E87045,567
E87046,567
E87047,567
E87048,567
E87052,567
E87061,567
E87063,567
E87065,567
E87066,564
E87067,567
E87069,567
E87070,567
E87609,567
E87637,567
E87648,567
E87663,567
E87665,567
E87677,567
E87681,567
E87691,360
E87694,474
E87701,567
E87702,564
E87706,567
E87711,563
E87714,567
E87715,567
E87720,567
E87722,567
E87733,567
E87735,567
E87737,567
E87738,567
E87739,567
E87740,567
E87741,567
E87742,564
E87745,567
E87746,567
E87750,567
E87751,567
E87753,567
E87754,567
E87755,567
E87756,567
E87762,567
E87768,460
E87772,516
F81001,567
F81003,567
F81004,567
F81006,567
F81007,567
F81009,567
F81010,567
F81011,567
F81012,567
F81013,567
F81014,567
F81015,567
F81017,567
F81019,567
F81020,567
F81021,567
F81022,567
F81023,567
F81024,567
F81025,567
F81026,567
F81027,567
F81028,567
F81029,567
F81030,567
F81031,567
F81032,567
F81034,567
F81036,567
F81037,567
F81038,567
F81040,567
F81041,567
F81042,567
F81043,567
F81044,567
F81045,567
F81046,567
F81047,567
F81048,567
F81049,567
F81051,567
F81052,567
F81053,567
F81055,567
F81056,567
F81057,567
F81060,567
F81061,567
F81062,567
F81065,567
F81066,567
F81067,567
F81068,567
F81069,567
F81071,567
F81072,567
F81075,567
F81076,567
F81078,567
F81080,567
F81081,567
F81082,567
F81083,567
F81085,567
F81086,567
F81087,567
F81088,567
F81089,567
F81090,567
F81091,567
F81092,567
F81095,567
F81096,567
F81097,567
F81098,567
F81099,567
F81100,567
F81101,567
F81102,567
F81104,567
F81105,567
F81106,567
F81108,567
F81110,567
F81111,567
F81112,567
F81113,567
F81114,567
F81115,567
F81116,567
F81117,567
F81118,567
F81119,567
F81120,567
F81121,567
F81122,567
F81123,567
F81125,567
F81126,567
F81128,567
F81130,567
F81131,567
F81132,567
F81133,567
F81134,567
F81136,567
F81137,567
F81141,567
F81142,567
F81144,567
F81147,567
F81149,567
F81150,567
F81152,567
F81153,567
F81155,567
F81156,567
F81158,567
F81159,567
F81163,567
F81164,567
F81165,567
F81169,567
F81170,567
F81173,567
F81176,567
F81177,567
F81181,567
F81183,567
F81184,567
F81186,567
F81192,567
F81193,567
F81197,567
F81198,567
F81205,567
F81206,567
F81207,564
F81209,567
F81211,567
F81212,567
F81213,567
F81215,567
F81216,567
F81218,567
F81219,567
F81221,567
F81222,567
F81223,567
F81606,567
F81613,567
F81618,567
F81619,567
F81623,567
F81632,567
F81633,567
F81635,567
F81636,567
F81640,567
F81641,567
F81645,567
F81649,567
F81651,567
F81652,567
F81656,567
F81665,567
F81666,567
F81669,567
F81674,567
F81675,567
F81679,567
F81681,567
F81683,567
F81684,567
F81690,567
F81696,567
F81697,567
F81700,567
F81704,567
F81707,567
F81708,567
F81711,567
F81713,567
F81716,567
F81721,567
F81725,567
F81729,567
F81730,567
F81732,567
F81737,567
F81739,567
F81740,567
F81741,567
F81744,567
F81746,567
F81749,567
F81751,567
F81757,567
F82001,567
F82002,567
F82003,567
F82005,567
F82006,567
F82007,567
F82008,567
F82009,567
F82010,567
F82011,567
F82012,567
F82013,567
F82014,567
F82015,567
F82016,567
F82017,567
F82018,567
F82019,567
F82021,567
F82022,567
F82023,567
F82025,567
F82027,567
F82028,567
F82030,567
F82031,567
F82033,567
F82034,567
F82038,567
F82039,567
F82040,567
F82042,567
F82045,567
F82051,567
F82053,567
F82055,567
F82604,567
F82607,567
F82609,567
F82610,567
F82612,567
F82619,567
F82621,564
F82624,567
F82625,567
F82627,567
F82630,567
F82634,567
F82638,567
F82642,567
F82647,564
F82648,567
F82649,567
F82650,567
F82660,567
F82661,567
F82663,567
F82666,567
F82670,567
F82671,567
F82674,567
F82675,567
F82677,567
F82678,567
F82679,567
F82680,567
F82686,567
F83002,567
F83003,567
F83004,567
F83005,567
F83006,567
F83007,567
F83008,567
F83010,567
F83011,567
F83012,567
F83015,567
F83017,567
F83018,567
F83019,567
F83020,567
F83021,567
F83022,567
F83023,567
F83025,567
F83027,567
F83032,567
F83033,567
F83034,567
F83039,567
F83042,567
F83043,567
F83044,567
F83045,567
F83048,567
F83050,567
F83052,567
F83053,567
F83055,567
F83056,567
F83057,567
F83058,567
F83059,567
F83060,567
F83061,567
F83063,567
F83064,567
F83615,567
F83623,567
F83624,567
F83632,567
F83633,564
F83635,567
F83652,567
F83658,567
F83660,567
F83664,567
F83665,567
F83666,567
F83671,567
F83672,567
F83673,567
F83674,567
F83678,567
F83680,567
F83681,567
F83683,567
F83686,567
F84003,567
F84004,567
F84006,567
F84008,567
F84009,567
F84010,567
F84012,567
F84013,567
F84014,567
F84015,567
F84016,567
F84017,567
F84018,567
F84021,567
F84022,567
F84025,567
F84030,567
F84031,567
F84033,567
F84034,567
F84035,567
F84036,567
F84038,564
F84039,567
F84041,567
F84044,567
F84046,567
F84047,564
F84050,567
F84051,564
F84052,567
F84053,567
F84054,567
F84055,567
F84060,567
F84062,567
F84063,567
F84069,567
F84070,567
F84072,567
F84074,567
F84077,567
F84079,567
F84080,567
F84081,567
F84083,567
F84086,567
F84087,567
F84088,567
F84092,567
F84093,567
F84096,567
F84097,567
F84105,567
F84111,567
F84114,567
F84115,567
F84117,567
F84118,567
F84119,567
F84121,567
F84122,567
F84123,567
F84124,564
F84601,567
F84619,567
F84620,567
F84621,567
F84632,523
F84635,567
F84636,567
F84640,567
F84641,564
F84642,567
F84647,567
F84656,567
F84657,567
F84658,567
F84660,562
F84666,567
F84668,567
F84669,564
F84670,567
F84672,567
F84673,567
F84676,567
F84677,567
F84681,567
F84682,567
F84685,567
F84686,567
F84692,567
F84694,567
F84696,567
F84698,567
F84710,567
F84711,564
F84714,567
F84716,567
F84717,567
F84718,567
F84719,567
F84720,567
F84724,567
F84729,564
F84730,567
F84731,567
F84733,520
F84735,564
F84739,567
F84740,564
F84741,567
F84742,567
F84747,567
F84749,567
F85002,567
F85004,567
F85007,567
F85008,567
F85010,567
F85013,567
F85014,567
F85016,567
F85017,567
F85019,567
F85020,567
F85023,567
F85025,567
F85028,567
F85029,567
F85030,567
F85031,567
F85032,567
F85033,567
F85034,567
F85035,567
F85039,567
F85043,567
F85044,567
F85045,567
F85046,567
F85052,567
F85053,567
F85058,567
F85060,567
F85061,567
F85063,567
F85064,567
F85065,567
F85066,567
F85067,567
F85069,567
F85071,567
F85072,567
F85615,567
F85623,567
F85625,567
F85628,567
F85634,567
F85640,567
F85642,567
F85650,567
F85654,567
F85663,567
F85666,564
F85669,567
F85675,567
F85676,567
F85678,567
F85682,567
F85687,567
F85688,567
F85697,567
F85700,567
F85701,567
F85705,567
F86001,567
F86004,567
F86005,567
F86006,567
F86007,567
F86008,567
F86009,567
F86010,567
F86011,567
F86012,567
F86013,567
F86018,567
F86020,567
F86022,567
F86023,567
F86025,567
F86026,567
F86028,567
F86030,567
F86032,567
F86034,567
F86036,567
F86038,564
F86040,567
F86042,567
F86044,567
F86045,567
F86057,567
F86058,567
F86060,567
F86062,567
F86064,567
F86066,567
F86074,564
F86078,567
F86081,567
F86082,567
F86083,567
F86085,567
F86086,567
F86087,567
F86088,567
F86607,567
F86612,567
F86616,567
F86621,567
F86624,567
F86625,567
F86626,567
F86627,567
F86637,567
F86638,567
F86641,567
F86642,567
F86644,567
F86650,567
F86652,567
F86657,567
F86658,567
F86664,567
F86666,567
F86679,567
F86689,567
F86691,567
F86692,567
F86696,567
F86698,567
F86700,567
F86701,567
F86702,567
F86703,567
F86705,567
F86707,567
F86708,567
F86712,567
F86731,567
G81001,567
G81002,567
G81003,567
G81004,567
G81006,567
G81007,567
G81008,567
G81011,567
G81012,567
G81014,567
G81016,567
G81017,567
G81018,567
G81019,567
G81021,567
G81022,567
G81023,567
G81024,567
G81025,567
G81028,567
G81029,567
G81030,567
G81031,567
G81032,567
G81034,567
G81036,567
G81037,567
G81038,567
G81039,567
G81040,567
G81041,567
G81042,567
G81043,567
G81044,567
G81046,567
G81047,567
G81048,567
G81049,567
G81050,567
G81051,567
G81052,567
G81054,567
G81055,567
G81057,567
G81059,567
G81061,567
G81065,567
G81070,567
G81071,520
G81073,567
G81074,567
G81075,567
G81076,567
G81077,567
G81082,567
G81083,567
G81084,567
G81085,567
G81086,567
G81087,567
G81088,567
G81089,567
G81090,567
G81095,567
G81096,567
G81098,567
G81099,567
G81100,567
G81102,567
G81104,567
G81613,567
G81614,567
G81634,567
G81638,567
G81641,567
G81646,567
G81656,567
G81658,567
G81663,567
G81667,567
G81669,564
G81680,567
G81689,567
G81694,567
G82002,567
G82006,567
G82007,567
G82013,567
G82014,567
G82015,567
G82016,567
G82017,567
G82018,567
G82019,567
G82020,567
G82021,567
G82022,567
G82023,567
G82024,567
G82025,567
G82026,567
G82027,567
G82028,567
G82031,567
G82032,567
G82035,567
G82036,567
G82037,567
G82038,567
G82039,567
G82041,567
G82042,567
G82044,567
G82046,567
G82048,567
G82049,567
G82050,567
G82051,567
G82052,567
G82053,567
G82055,567
G82056,567
G82057,567
G82058,567
G82059,567
G82060,567
G82062,567
G82063,567
G82064,567
G82066,567
G82067,567
G82069,567
G82071,567
G82072,567
G82073,567
G82074,567
G82076,567
G82077,567
G82079,567
G82080,567
G82082,567
G82083,567
G82085,567
G82086,567
G82087,567
G82088,567
G82089,567
G82090,567
G82091,567
G82092,567
G82093,567
G82094,567
G82095,567
G82097,567
G82098,567
G82099,567
G82100,567
G82103,564
G82105,567
G82106,567
G82107,567
G82108,567
G82110,567
G82111,567
G82112,567
G82113,567
G82114,567
G82115,567
G82117,567
G82118,567
G82119,567
G82120,567
G82121,567
G82122,567
G82123,567
G82125,567
G82126,567
G82128,567
G82129,567
G82135,567
G82137,567
G82138,567
G82139,567
G82140,567
G82141,567
G82142,567
G82143,567
G82147,567
G82150,567
G82152,567
G82154,567
G82155,567
G82158,567
G82160,567
G82161,567
G82162,567
G82164,567
G82165,567
G82170,567
G82180,567
G82184,567
G82185,567
G82186,567
G82198,567
G82200,567
G82203,567
G82205,567
G82211,567
G82212,567
G82215,567
G82217,567
G82218,567
G82219,567
G82224,567
G82225,567
G82226,567
G82227,567
G82228,567
G82229,567
G82231,567
G82232,567
G82233,567
G82234,567
G82235,567
G82600,567
G82604,567
G82605,567
G82631,567
G82634,567
G82635,567
G82639,567
G82641,567
G82647,567
G82648,567
G82650,567
G82652,567
G82653,567
G82658,567
G82665,567
G82666,567
G82671,567
G82679,567
G82681,567
G82682,567
G82684,567
G82687,567
G82691,567
G82693,567
G82696,567
G82697,567
G82698,567
G82700,567
G82702,567
G82704,567
G82706,567
G82708,567
G82711,567
G82719,567
G82721,567
G82729,567
G82730,567
G82732,567
G82733,567
G82737,567
G82741,567
G82744,567
G82753,567
G82754,567
G82762,567
G82763,567
G82768,567
G82775,567
G82780,567
G82790,567
G82796,567
G82799,567
G82802,567
G82808,567
G82809,567
G82888,567
G83001,567
G83002,567
G83004,567
G83006,567
G83009,567
G83010,567
G83012,567
G83013,567
G83015,567
G83016,567
G83018,567
G83019,567
G83021,567
G83024,567
G83025,567
G83026,567
G83027,567
G83028,567
G83029,567
G83030,567
G83031,567
G83033,567
G83037,567
G83039,567
G83044,567
G83046,567
G83047,567
G83049,567
G83052,567
G83053,567
G83057,567
G83058,567
G83060,567
G83062,567
G83065,567
G83066,567
G83067,567
G83628,567
G83630,567
G83631,564
G83633,567
G83635,564
G83641,567
G83642,567
G83647,567
G83651,567
G83654,567
G83673,567
G83680,567
G84001,567
G84002,567
G84003,567
G84004,567
G84005,567
G84006,567
G84007,567
G84008,567
G84009,567
G84010,567
G84011,567
G84013,567
G84015,567
G84016,567
G84017,567
G84018,567
G84019,567
G84020,567
G84023,567
G84024,567
G84025,567
G84027,567
G84028,567
G84029,567
G84030,567
G84032,567
G84033,567
G84035,567
G84039,567
G84040,567
G84041,567
G84604,567
G84607,567
G84609,567
G84621,567
G84624,564
G84625,567
G84627,567
G84629,567
G84630,567
G85001,567
G85002,567
G85003,567
G85004,567
G85005,567
G85006,567
G85008,567
G85011,567
G85013,567
G85014,567
G85015,567
G85016,567
G85019,567
G85020,567
G85021,567
G85022,567
G85023,567
G85024,567
G85025,567
G85026,567
G85027,567
G85028,567
G85029,567
G85030,567
G85031,567
G85032,567
G85034,567
G85035,567
G85038,567
G85039,567
G85040,567
G85041,567
G85042,567
G85044,567
G85045,567
G85046,567
G85047,567
G85051,567
G85052,567
G85053,567
G85054,567
G85055,567
G85057,567
G85061,567
G85073,567
G85076,567
G85083,567
G85084,567
G85085,567
G85086,567
G85087,567
G85089,567
G85091,567
G85096,567
G85100,567
G85102,567
G85104,567
G85105,567
G85109,567
G85114,567
G85119,567
G85120,567
G85121,567
G85123,567
G85124,567
G85125,567
G85127,567
G85129,567
G85130,567
G85132,567
G85134,567
G85135,567
G85136,567
G85137,567
G85138,567
G85623,567
G85632,567
G85633,567
G85642,567
G85644,567
G85647,567
G85651,567
G85662,567
G85673,567
G85674,567
G85681,564
G85685,567
G85690,567
G85695,567
G85696,567
G85698,567
G85705,567
G85706,567
G85708,567
G85711,567
G85715,567
G85716,567
G85721,567
G85722,567
G85724,567
G85726,567
G85727,567
G85736,567
H81002,567
H81003,567
H81004,567
H81005,567
H81006,567
H81007,567
H81009,567
H81010,567
H81011,567
H81013,567
H81015,567
H81016,567
H81017,567
H81019,567
H81020,567
H81021,567
H81022,567
H81023,567
H81024,567
H81025,567
H81026,567
H81027,567
H81028,567
H81029,567
H81030,567
H81031,567
H81032,567
H81033,567
H81034,567
H81035,567
H81036,567
H81037,567
H81038,567
H81039,567
H81040,567
H81041,567
H81042,567
H81043,567
H81044,567
H81045,567
H81046,567
H81047,567
H81048,567
H81050,567
H81051,567
H81052,567
H81053,567
H81055,567
H81056,567
H81057,567
H81058,567
H81060,567
H81061,567
H81062,567
H81064,567
H81065,567
H81066,567
H81067,567
H81068,567
H81069,567
H81070,567
H81071,567
H81072,567
H81073,567
H81074,567
H81075,567
H81076,567
H81077,567
H81078,567
H81080,567
H81081,567
H81082,567
H81083,567
H81084,567
H81085,567
H81086,567
H81087,567
H81088,567
H81089,567
H81090,567
H81091,567
H81094,567
H81095,567
H81097,567
H81099,567
H81103,567
H81104,567
H81107,567
H81109,567
H81110,567
H81111,567
H81113,567
H81116,567
H81119,567
H81122,567
H81123,567
H81126,567
H81128,567
H81129,567
H81130,567
H81131,567
H81132,567
H81133,567
H81134,567
H81613,567
H81615,567
H81618,567
H81632,567
H81638,567
H81641,564
H81642,567
H81643,567
H81644,567
H81656,567
H81658,567
H81663,567
H81672,567
H82003,567
H82004,567
H82005,567
H82006,567
H82007,567
H82008,567
H82009,567
H82010,567
H82011,567
H82012,567
H82013,567
H82014,567
H82016,567
H82017,567
H82020,567
H82021,567
H82022,567
H82023,567
H82025,567
H82026,567
H82027,567
H82028,567
H82030,567
H82031,567
H82032,567
H82033,567
H82034,567
H82035,567
H82036,567
H82037,567
H82038,567
H82039,567
H82040,567
H82041,567
H82042,567
H82043,567
H82044,567
H82045,567
H82046,567
H82047,567
H82048,567
H82049,567
H82050,567
H82051,567
H82052,567
H82053,567
H82055,567
H82056,567
H82057,567
H82058,567
H82059,567
H82060,567
H82061,567
H82063,567
H82064,567
H82065,567
H82066,567
H82067,567
H82070,567
H82072,567
H82076,567
H82077,567
H82078,567
H82084,567
H82087,567
H82088,567
H82089,567
H82091,567
H82092,567
H82095,567
H82096,567
H82098,567
H82099,567
H82100,567
H82615,567
H82621,567
H82640,567
H83001,567
H83004,567
H83005,567
H83006,567
H83007,567
H83008,564
H83009,567
H83010,567
H83011,567
H83012,567
H83013,567
H83014,567
H83015,567
H83016,567
H83017,567
H83018,567
H83019,567
H83020,567
H83021,567
H83022,567
H83023,567
H83024,567
H83028,567
H83029,567
H83030,567
H83031,567
H83033,567
H83034,567
H83037,567
H83039,567
H83040,567
H83042,567
H83043,567
H83044,567
H83049,567
H83050,567
H83051,567
H83052,567
H83053,567
H83608,567
H83609,567
H83611,567
H83624,567
H83625,567
H83627,567
H83631,567
H84002,567
H84005,567
H84006,567
H84007,567
H84010,567
H84012,567
H84014,567
H84015,567
H84016,567
H84017,567
H84018,567
H84020,567
H84023,567
H84025,567
H84027,567
H84030,567
H84031,567
H84032,567
H84033,567
H84034,567
H84039,567
H84040,567
H84041,567
H84042,567
H84044,567
H84048,567
H84050,567
H84051,567
H84053,567
H84054,567
H84055,567
H84057,567
H84059,567
H84060,567
H84061,567
H84062,567
H84618,567
H84619,567
H84623,567
H84625,567
H84629,567
H84630,567
H84635,567
H84639,567
H85001,567
H85002,567
H85003,567
H85005,567
H85006,567
H85007,567
H85008,567
H85009,567
H85011,567
H85012,567
H85018,567
H85020,567
H85021,567
H85022,567
H85023,567
H85024,567
H85025,567
H85026,567
H85027,567
H85028,567
H85029,567
H85030,567
H85031,567
H85032,567
H85033,567
H85035,567
H85037,567
H85038,567
H85041,567
H85045,567
H85047,567
H85048,567
H85049,567
H85051,567
H85052,567
H85053,567
H85055,567
H85057,567
H85061,567
H85063,567
H85065,567
H85066,567
H85067,567
H85069,567
H85070,567
H85075,567
H85076,567
H85077,567
H85078,567
H85082,567
H85087,567
H85088,567
H85090,567
H85092,567
H85095,567
H85100,567
H85101,567
H85103,567
H85105,567
H85110,567
H85111,567
H85112,567
H85113,567
H85114,567
H85115,567
H85116,567
H85618,567
H85634,567
H85637,567
H85649,567
H85653,567
H85656,567
H85659,567
H85662,567
H85664,567
H85665,567
H85680,567
H85682,567
H85683,567
H85686,567
H85691,567
H85693,567
H85695,567
J81002,567
J81003,567
J81004,567
J81005,567
J81006,567
J81009,567
J81010,567
J81011,567
J81012,567
J81013,567
J81014,567
J81016,567
J81017,567
J81018,567
J81019,567
J81020,567
J81021,567
J81022,567
J81025,567
J81027,567
J81028,567
J81029,567
J81030,567
J81033,567
J81034,567
J81035,567
J81036,567
J81039,567
J81041,567
J81042,567
J81044,567
J81045,567
J81046,567
J81047,567
J81048,567
J81049,567
J81051,567
J81052,567
J81053,567
J81054,567
J81056,567
J81057,567
J81058,567
J81059,567
J81061,567
J81062,567
J81064,567
J81066,567
J81067,567
J81068,567
J81070,567
J81072,567
J81073,567
J81074,567
J81075,567
J81076,567
J81077,567
J81078,567
J81081,567
J81082,567
J81083,567
J81086,567
J81087,567
J81609,567
J81612,567
J81613,567
J81616,567
J81620,567
J81621,567
J81625,567
J81626,567
J81628,567
J81631,567
J81633,567
J81634,567
J81637,567
J81644,567
J81646,567
J81647,567
J81648,567
J82001,567
J82002,567
J82005,567
J82006,567
J82007,567
J82008,567
J82009,567
J82010,567
J82012,567
J82015,567
J82016,567
J82017,567
J82018,567
J82019,567
J82020,567
J82021,567
J82022,567
J82023,567
J82024,567
J82025,567
J82026,567
J82028,567
J82033,567
J82034,567
J82035,567
J82036,567
J82039,567
J82040,567
J82041,567
J82042,567
J82044,567
J82049,567
J82050,567
J82051,567
J82053,567
J82054,567
J82055,567
J82056,567
J82058,567
J82059,567
J82060,567
J82061,567
J82062,567
J82063,567
J82064,567
J82066,567
J82067,567
J82069,567
J82071,567
J82072,567
J82073,567
J82074,567
J82075,567
J82076,567
J82077,567
J82079,567
J82080,567
J82081,567
J82082,567
J82083,567
J82084,567
J82085,567
J82087,567
J82088,567
J82089,567
J82090,567
J82092,567
J82094,567
J82098,567
J82099,567
J82101,567
J82102,567
J82103,567
J82104,567
J82106,567
J82110,567
J82112,567
J82114,567
J82115,567
J82116,567
J82119,567
J82120,567
J82121,567
J82122,567
J82124,567
J82125,567
J82126,567
J82128,567
J82129,567
J82130,567
J82131,567
J82132,567
J82134,567
J82135,567
J82136,567
J82138,567
J82139,567
J82142,567
J82143,567
J82144,567
J82145,567
J82146,567
J82147,567
J82149,567
J82150,567
J82151,567
J82152,567
J82154,567
J82155,567
J82156,567
J82157,567
J82161,567
J82163,567
J82164,567
J82169,567
J82174,567
J82178,567
J82180,567
J82181,567
J82183,567
J82184,567
J82188,567
J82192,567
J82194,567
J82196,567
J82197,567
J82198,567
J82199,567
J82201,567
J82207,567
J82208,567
J82210,567
J82213,567
J82214,567
J82215,567
J82216,567
J82217,567
J82218,567
J82220,567
J82605,567
J82622,567
J82625,567
J82628,567
J82630,567
J82633,567
J82639,567
J82640,567
J82646,567
J82663,567
J82669,567
J83001,567
J83002,567
J83003,567
J83004,567
J83005,567
J83006,567
J83007,567
J83008,567
J83009,567
J83010,567
J83011,567
J83013,567
J83014,567
J83016,567
J83018,567
J83019,567
J83021,567
J83022,567
J83023,567
J83024,567
J83025,567
J83026,567
J83027,567
J83029,567
J83030,567
J83031,567
J83033,567
J83034,567
J83035,567
J83036,567
J83037,567
J83038,567
J83039,567
J83040,567
J83041,567
J83042,567
J83043,567
J83045,567
J83046,567
J83047,567
J83048,567
J83049,567
J83050,567
J83052,567
J83053,567
J83055,567
J83056,567
J83057,567
J83058,567
J83059,567
J83060,567
J83064,567
J83601,567
J83603,567
J83609,567
J83615,567
J83618,567
J83619,567
J83625,567
J83629,567
J83630,567
J83633,567
J83645,567
J83646,567
J84003,567
J84004,567
J84005,567
J84007,567
J84008,567
J84011,567
J84012,567
J84013,567
J84015,567
J84016,567
J84017,567
J84019,567
K81001,567
K81002,567
K81003,567
K81004,567
K81005,567
K81006,567
K81007,567
K81010,567
K81012,567
K81014,567
K81015,567
K81017,567
K81018,567
K81019,567
K81020,567
K81021,567
K81022,567
K81024,567
K81025,567
K81026,567
K81027,567
K81028,567
K81030,567
K81034,567
K81036,567
K81039,567
K81040,567
K81041,567
K81042,567
K81043,567
K81045,567
K81046,567
K81047,567
K81048,567
K81050,567
K81051,567
K81052,567
K81055,567
K81056,567
K81057,567
K81059,567
K81060,567
K81062,567
K81063,567
K81066,567
K81068,567
K81069,567
K81070,567
K81073,567
K81074,567
K81075,567
K81076,567
K81077,567
K81078,567
K81080,567
K81081,567
K81082,567
K81083,567
K81084,567
K81085,567
K81086,567
K81087,567
K81089,567
K81092,567
K81094,567
K81097,567
K81100,567
K81102,567
K81103,567
K81605,567
K81607,567
K81608,567
K81610,567
K81616,567
K81622,567
K81630,567
K81633,567
K81636,567
K81638,567
K81644,567
K81645,567
K81651,567
K81655,567
K81656,567
K81657,567
K82001,567
K82003,567
K82004,567
K82006,567
K82007,567
K82008,567
K82009,567
K82010,567
K82011,567
K82012,567
K82013,567
K82014,567
K82015,567
K82016,567
K82017,567
K82018,567
K82019,567
K82020,567
K82021,567
K82022,567
K82023,567
K82024,567
K82025,567
K82026,567
K82027,567
K82028,567
K82029,567
K82030,567
K82031,567
K82032,567
K82033,567
K82035,567
K82036,567
K82037,567
K82038,567
K82039,564
K82040,567
K82044,567
K82045,567
K82046,567
K82047,567
K82048,567
K82049,567
K82051,567
K82053,567
K82054,567
K82055,567
K82057,567
K82058,567
K82059,567
K82060,567
K82061,567
K82064,567
K82065,567
K82066,567
K82067,567
K82068,567
K82070,567
K82073,567
K82074,567
K82076,567
K82078,567
K82079,567
K82603,567
K82610,567
K82615,567
K82617,567
K82618,567
K82621,567
K82631,567
K82633,567
K83002,567
K83003,567
K83005,567
K83006,567
K83007,567
K83008,567
K83009,567
K83010,567
K83011,567
K83012,567
K83013,567
K83014,567
K83015,567
K83017,567
K83018,567
K83019,567
K83020,567
K83021,567
K83022,567
K83023,567
K83024,567
K83025,567
K83026,567
K83027,567
K83028,567
K83029,567
K83030,567
K83031,567
K83032,567
K83035,567
K83036,567
K83037,567
K83039,567
K83040,567
K83041,567
K83042,567
K83043,567
K83044,567
K83047,567
K83048,567
K83049,567
K83050,567
K83051,567
K83052,567
K83053,567
K83055,567
K83056,567
K83059,567
K83064,567
K83065,567
K83066,567
K83068,567
K83069,567
K83070,567
K83076,567
K83077,567
K83079,567
K83080,567
K83081,567
K83601,567
K83607,567
K83610,567
K83614,567
K83616,567
K83618,567
K83620,567
K83621,567
K83622,567
K83625,567
K84001,567
K84002,567
K84003,567
K84004,567
K84006,567
K84007,567
K84008,567
K84009,567
K84010,567
K84011,567
K84012,567
K84013,567
K84014,567
K84015,567
K84016,567
K84017,567
K84019,567
K84020,567
K84021,567
K84023,567
K84024,567
K84025,567
K84026,567
K84027,567
K84028,567
K84030,567
K84031,567
K84032,567
K84033,567
K84034,567
K84035,567
K84036,567
K84037,567
K84038,567
K84041,567
K84042,567
K84043,567
K84044,567
K84045,567
K84046,567
K84047,567
K84048,567
K84049,567
K84050,567
K84051,567
K84052,567
K84054,567
K84055,567
K84056,567
K84058,567
K84059,567
K84060,567
K84062,567
K84063,567
K84065,567
K84066,485
K84071,567
K84072,567
K84075,567
K84078,567
K84079,567
K84080,567
K84082,567
K84605,567
K84610,567
K84613,567
K84618,567
K84624,567
L81004,567
L81007,567
L81008,567
L81009,567
L81010,567
L81012,567
L81013,567
L81014,567
L81015,567
L81016,567
L81017,567
L81018,567
L81019,567
L81020,567
L81021,567
L81022,567
L81023,567
L81024,567
L81025,567
L81026,567
L81027,567
L81029,567
L81030,567
L81031,567
L81033,567
L81034,567
L81036,567
L81037,567
L81038,567
L81039,567
L81040,567
L81041,567
L81042,567
L81044,567
L81045,567
L81046,567
L81047,567
L81050,567
L81051,567
L81053,567
L81054,567
L81055,567
L81058,567
L81059,567
L81061,567
L81062,567
L81063,567
L81064,567
L81065,567
L81066,567
L81067,567
L81068,567
L81069,567
L81070,567
L81071,567
L81072,567
L81073,567
L81075,567
L81077,567
L81078,567
L81079,567
L81081,567
L81082,567
L81083,567
L81084,567
L81085,567
L81086,567
L81087,567
L81089,567
L81090,567
L81091,567
L81094,567
L81095,567
L81098,567
L81101,567
L81103,567
L81106,567
L81117,567
L81118,567
L81120,567
L81122,567
L81123,567
L81125,567
L81127,567
L81130,567
L81131,567
L81132,567
L81133,489
L81600,567
L81617,518
L81622,567
L81632,567
L81637,337
L81642,567
L81643,567
L81644,567
L81649,567
L81655,287
L81669,567
L81670,567
L82001,567
L82003,567
L82004,567
L82006,567
L82007,567
L82008,567
L82009,567
L82010,567
L82011,567
L82012,567
L82013,567
L82015,567
L82016,567
L82017,567
L82018,567
L82021,564
L82022,567
L82023,567
L82024,567
L82025,567
L82026,567
L82028,567
L82029,567
L82030,567
L82035,567
L82036,567
L82038,567
L82039,567
L82041,567
L82042,567
L82043,567
L82044,567
L82045,567
L82046,567
L82047,567
L82048,567
L82049,567
L82050,567
L82051,567
L82052,567
L82054,567
L82056,567
L82057,567
L82058,567
L82059,567
L82061,567
L82066,567
L82068,567
L82070,567
L82618,567
L82620,567
L82622,567
L83002,567
L83003,567
L83004,567
L83005,567
L83006,567
L83007,567
L83008,567
L83010,567
L83011,567
L83012,567
L83013,567
L83014,567
L83015,567
L83016,567
L83018,567
L83019,567
L83020,567
L83021,567
L83023,567
L83024,567
L83025,567
L83026,567
L83027,567
L83028,567
L83029,567
L83030,567
L83031,567
L83034,567
L83035,567
L83036,567
L83038,567
L83039,567
L83040,567
L83041,567
L83042,567
L83043,567
L83044,567
L83045,567
L83046,567
L83048,567
L83049,567
L83050,567
L83051,567
L83052,567
L83053,567
L83054,567
L83055,567
L83056,567
L83057,567
L83058,567
L83059,567
L83064,567
L83065,567
L83066,567
L83067,567
L83068,567
L83069,567
L83070,567
L83071,567
L83072,567
L83073,567
L83075,567
L83076,567
L83077,567
L83079,567
L83081,567
L83082,567
L83083,567
L83084,567
L83085,567
L83086,567
L83087,567
L83088,567
L83089,567
L83092,567
L83094,567
L83095,567
L83096,567
L83097,567
L83098,567
L83099,567
L83100,567
L83101,567
L83102,567
L83103,567
L83105,567
L83106,567
L83111,567
L83112,567
L83113,567
L83115,567
L83116,567
L83118,567
L83120,567
L83127,567
L83128,567
L83129,567
L83131,567
L83134,567
L83136,567
L83137,567
L83143,567
L83146,567
L83147,567
L83148,567
L83607,567
L83616,567
L83624,567
L83627,567
L83628,567
L83639,567
L83642,567
L83646,567
L83648,567
L83651,567
L83655,567
L83657,567
L83663,567
L83666,567
L83673,558
L84003,567
L84004,567
L84005,567
L84006,567
L84007,567
L84008,567
L84009,567
L84010,567
L84011,567
L84012,567
L84014,567
L84015,567
L84016,567
L84018,567
L84021,567
L84022,567
L84023,567
L84024,567
L84025,567
L84026,567
L84027,567
L84028,567
L84029,567
L84030,567
L84031,567
L84032,567
L84033,567
L84034,567
L84036,567
L84037,567
L84038,567
L84039,567
L84040,567
L84041,567
L84043,567
L84045,567
L84046,567
L84047,567
L84048,567
L84049,567
L84050,567
L84051,567
L84052,567
L84053,567
L84054,567
L84056,567
L84058,567
L84059,567
L84060,567
L84063,567
L84065,567
L84067,567
L84068,567
L84069,567
L84070,567
L84071,567
L84072,567
L84073,567
L84075,567
L84077,567
L84078,567
L84080,567
L84081,567
L84084,567
L84085,567
L84606,567
L84613,567
L84615,567
L84616,567
L84617,567
L85001,567
L85002,567
L85003,567
L85004,567
L85006,567
L85007,567
L85008,567
L85009,567
L85010,567
L85011,567
L85012,567
L85013,567
L85014,567
L85015,567
L85016,567
L85017,567
L85018,567
L85019,567
L85020,567
L85021,567
L85022,567
L85023,567
L85024,567
L85025,567
L85026,567
L85027,567
L85028,567
L85029,567
L85030,567
L85031,567
L85032,567
L85033,567
L85034,567
L85035,567
L85036,567
L85037,567
L85038,567
L85039,567
L85040,567
L85042,567
L85043,567
L85044,567
L85046,567
L85047,567
L85048,567
L85050,567
L85051,567
L85052,567
L85053,567
L85054,567
L85055,567
L85056,567
L85061,567
L85062,567
L85064,567
L85065,567
L85066,567
L85601,567
L85607,567
L85609,567
L85611,567
L85612,567
L85619,567
L85624,567
M81001,567
M81002,567
M81003,567
M81004,567
M81005,567
M81006,567
M81007,567
M81008,567
M81009,567
M81010,567
M81011,567
M81012,567
M81015,567
M81016,567
M81017,567
M81018,567
M81019,567
M81020,567
M81021,567
M81022,567
M81024,567
M81025,567
M81026,567
M81027,567
M81029,567
M81032,567
M81033,567
M81034,567
M81035,567
M81037,567
M81038,567
M81039,567
M81040,567
M81041,567
M81042,567
M81043,567
M81044,567
M81045,567
M81046,567
M81047,567
M81048,567
M81049,567
M81054,567
M81055,567
M81056,567
M81057,567
M81058,567
M81061,567
M81062,567
M81063,567
M81064,567
M81066,567
M81067,567
M81068,567
M81069,567
M81070,567
M81072,567
M81074,567
M81075,567
M81076,567
M81077,567
M81078,567
M81081,567
M81082,567
M81083,567
M81084,567
M81089,567
M81090,567
M81091,567
M81092,567
M81093,567
M81094,567
M81600,567
M81604,567
M81605,567
M81608,567
M81616,567
M81617,567
M81627,567
M81629,567
M82002,567
M82003,567
M82004,567
M82005,567
M82006,567
M82007,567
M82008,567
M82009,567
M82010,567
M82011,567
M82012,567
M82013,567
M82014,567
M82016,567
M82017,567
M82018,567
M82019,567
M82020,567
M82021,567
M82022,567
M82023,567
M82024,567
M82025,567
M82026,567
M82028,567
M82030,567
M82031,567
M82032,567
M82033,567
M82034,567
M82035,567
M82038,567
M82039,567
M82040,567
M82041,567
M82042,567
M82043,567
M82044,567
M82046,567
M82047,567
M82048,567
M82051,567
M82056,567
M82057,567
M82058,567
M82059,567
M82060,567
M82601,567
M82604,567
M82606,567
M82616,567
M82620,567
M83001,567
M83004,567
M83005,567
M83006,567
M83007,567
M83009,567
M83010,567
M83011,567
M83012,567
M83013,567
M83014,567
M83015,567
M83016,567
M83017,567
M83018,567
M83020,567
M83021,567
M83022,567
M83023,567
M83024,567
M83025,567
M83026,567
M83027,567
M83028,567
M83030,567
M83031,567
M83032,567
M83033,567
M83034,567
M83035,567
M83036,567
M83037,567
M83038,567
M83042,567
M83044,567
M83045,567
M83046,567
M83047,567
M83048,567
M83049,567
M83050,567
M83051,567
M83052,567
M83054,567
M83056,567
M83057,567
M83059,567
M83061,567
M83062,567
M83063,567
M83065,567
M83066,567
M83067,567
M83068,567
M83069,567
M83070,567
M83071,567
M83072,567
M83073,567
M83074,567
M83075,567
M83076,567
M83079,567
M83082,567
M83084,567
M83088,567
M83089,567
M83090,567
M83092,567
M83093,567
M83094,567
M83096,567
M83097,567
M83100,567
M83102,567
M83103,567
M83107,567
M83108,567
M83109,567
M83110,567
M83111,567
M83113,567
M83117,567
M83121,567
M83122,567
M83123,567
M83125,567
M83126,567
M83127,567
M83129,567
M83130,564
M83132,567
M83138,567
M83139,567
M83140,567
M83141,567
M83143,567
M83146,567
M83148,567
M83601,567
M83608,567
M83616,567
M83617,567
M83619,567
M83623,567
M83624,567
M83625,567
M83627,567
M83632,567
M83637,567
M83638,567
M83640,567
M83641,567
M83650,567
M83661,567
M83668,567
M83670,567
M83680,567
M83681,567
M83682,567
M83691,567
M83693,567
M83697,567
M83698,567
M83700,567
M83701,567
M83703,567
M83705,567
M83706,567
M83709,567
M83711,567
M83713,567
M83715,567
M83717,567
M83718,567
M83719,567
M83723,567
M83725,567
M83727,567
M83738,567
M84001,567
M84002,567
M84003,567
M84004,567
M84005,567
M84006,567
M84007,567
M84008,567
M84009,567
M84010,567
M84011,567
M84012,567
M84013,567
M84014,567
M84015,567
M84016,567
M84017,567
M84018,567
M84019,567
M84020,567
M84021,567
M84022,567
M84023,567
M84024,567
M84025,567
M84026,567
M84028,567
M84029,567
M84030,567
M84031,567
M84032,567
M84034,567
M84035,567
M84036,567
M84037,567
M84040,567
M84041,567
M84042,567
M84043,567
M84044,567
M84046,567
M84047,567
M84049,567
M84050,567
M84051,567
M84055,567
M84059,567
M84060,567
M84061,567
M84062,567
M84063,567
M84064,567
M84065,567
M84066,567
M84067,567
M84069,567
M84070,567
M84609,567
M84612,567
M84615,567
M84616,567
M84618,567
M84620,567
M84621,567
M84627,567
M84629,567
M85001,567
M85002,567
M85005,567
M85006,567
M85007,567
M85008,567
M85009,567
M85011,567
M85013,567
M85014,567
M85016,567
M85018,567
M85019,567
M85020,567
M85021,567
M85023,567
M85024,567
M85025,567
M85026,567
M85027,567
M85028,567
M85029,567
M85030,567
M85031,567
M85033,567
M85034,567
M85035,567
M85037,567
M85041,567
M85042,567
M85043,567
M85046,567
M85047,567
M85048,567
M85051,567
M85053,567
M85055,567
M85056,567
M85058,567
M85060,567
M85061,567
M85062,567
M85063,567
M85065,567
M85066,567
M85069,567
M85070,567
M85071,567
M85074,567
M85076,567
M85077,567
M85078,567
M85079,567
M85081,567
M85082,567
M85084,567
M85086,567
M85087,567
M85088,567
M85094,565
M85097,567
M85098,567
M85105,567
M85107,567
M85108,567
M85110,567
M85113,567
M85115,567
M85116,567
M85117,567
M85118,567
M85123,567
M85124,567
M85128,567
M85134,567
M85136,567
M85139,567
M85141,567
M85142,567
M85143,567
M85145,567
M85146,567
M85149,567
M85153,567
M85154,567
M85155,567
M85156,567
M85158,564
M85164,567
M85167,567
M85170,564
M85171,567
M85172,567
M85174,567
M85175,567
M85176,567
M85177,567
M85178,567
M85179,567
M85600,567
M85624,567
M85634,567
M85642,567
M85669,567
M85670,567
M85671,567
M85676,567
M85679,567
M85680,564
M85684,565
M85686,564
M85693,567
M85694,567
M85697,567
M85699,567
M85701,567
M85706,567
M85711,567
M85713,567
M85715,567
M85716,564
M85717,567
M85721,567
M85722,567
M85730,567
M85732,567
M85733,567
M85735,567
M85736,567
M85739,567
M85746,567
M85749,564
M85753,567
M85756,567
M85757,567
M85759,567
M85766,567
M85770,567
M85774,567
M85778,563
M85779,567
M85781,567
M85782,567
M85783,567
M85792,567
M85794,562
M85797,567
M85801,567
M85803,567
M86001,567
M86002,567
M86003,567
M86004,567
M86005,567
M86006,567
M86007,567
M86008,567
M86009,567
M86010,567
M86012,567
M86014,567
M86015,567
M86016,567
M86017,567
M86018,567
M86019,567
M86020,567
M86021,567
M86027,567
M86028,567
M86029,567
M86030,567
M86032,567
M86033,567
M86034,567
M86035,567
M86037,567
M86038,567
M86039,567
M86040,567
M86041,567
M86044,567
M86045,567
M86046,567
M86048,567
M86605,567
M86610,567
M86612,567
M86617,567
M86622,567
M86624,567
M86627,567
M86633,567
M86638,567
M87001,567
M87003,567
M87005,567
M87006,567
M87007,567
M87008,567
M87009,567
M87010,567
M87011,567
M87012,567
M87013,567
M87014,567
M87015,567
M87016,567
M87017,567
M87018,567
M87019,567
M87020,567
M87021,567
M87023,567
M87024,567
M87025,564
M87026,567
M87027,567
M87028,567
M87030,564
M87034,567
M87036,564
M87037,567
M87041,567
M87601,564
M87602,567
M87605,567
M87612,567
M87617,567
M87618,567
M87620,567
M87621,567
M87623,567
M87628,564
M87638,567
M88001,567
M88002,567
M88003,567
M88004,567
M88006,567
M88007,567
M88008,567
M88009,567
M88010,567
M88013,567
M88014,567
M88015,567
M88016,567
M88018,567
M88019,567
M88020,567
M88021,567
M88022,567
M88023,567
M88026,567
M88030,567
M88031,567
M88035,567
M88038,567
M88040,567
M88041,567
M88042,567
M88043,567
M88044,567
M88600,567
M88610,564
M88612,567
M88616,567
M88618,567
M88619,567
M88620,567
M88625,567
M88626,567
M88627,567
M88628,567
M88630,567
M88633,567
M88635,567
M88639,567
M88640,567
M88643,567
M88645,567
M88646,567
M88647,567
M89001,567
M89002,567
M89003,567
M89005,567
M89007,567
M89008,567
M89009,567
M89010,567
M89012,567
M89013,567
M89015,567
M89016,567
M89017,567
M89019,567
M89021,567
M89024,567
M89026,567
M89027,567
M89030,567
M89602,567
M89608,567
M91003,567
M91004,567
M91006,567
M91007,567
M91008,567
M91009,567
M91010,567
M91011,567
M91013,567
M91014,567
M91015,567
M91016,567
M91017,567
M91018,567
M91019,567
M91020,567
M91021,567
M91024,567
M91026,567
M91028,567
M91029,567
M91032,567
M91033,567
M91034,567
M91036,567
M91602,567
M91609,567
M91611,567
M91612,567
M91613,567
M91614,567
M91616,567
M91619,567
M91621,567
M91623,567
M91624,567
M91626,567
M91628,567
M91629,567
M91637,567
M91639,567
M91640,567
M91641,567
M91642,564
M91647,567
M91650,567
M91654,567
M91659,567
M91660,567
M92001,567
M92002,567
M92004,567
M92006,567
M92007,567
M92008,567
M92009,567
M92010,567
M92011,567
M92012,567
M92013,567
M92014,564
M92015,567
M92016,567
M92019,567
M92022,567
M92026,567
M92028,567
M92029,567
M92039,567
M92040,567
M92041,567
M92042,567
M92043,567
M92044,567
M92607,567
M92609,567
M92612,567
M92627,567
M92629,567
M92630,567
M92640,567
M92649,567
M92654,567
N81001,567
N81002,567
N81005,567
N81006,567
N81007,567
N81008,567
N81009,567
N81010,567
N81011,567
N81012,567
N81013,567
N81014,567
N81016,567
N81018,567
N81019,567
N81020,567
N81022,567
N81024,567
N81025,567
N81027,567
N81028,567
N81029,567
N81030,567
N81031,567
N81032,567
N81033,567
N81034,567
N81035,567
N81036,567
N81037,567
N81038,567
N81039,567
N81040,567
N81041,567
N81043,567
N81044,567
N81045,567
N81046,567
N81047,567
N81048,567
N81049,567
N81050,567
N81051,567
N81052,567
N81053,567
N81054,567
N81055,567
N81056,567
N81057,567
N81059,567
N81060,567
N81061,567
N81062,567
N81063,567
N81064,567
N81065,567
N81066,567
N81067,567
N81068,567
N81069,567
N81070,567
N81071,567
N81072,567
N81074,567
N81075,567
N81077,567
N81079,567
N81080,567
N81081,567
N81082,567
N81083,567
N81084,567
N81085,567
N81086,567
N81087,567
N81088,567
N81089,567
N81090,567
N81092,567
N81093,567
N81096,567
N81097,567
N81100,567
N81101,567
N81102,567
N81107,567
N81108,567
N81109,567
N81111,567
N81113,567
N81114,567
N81115,567
N81117,567
N81118,567
N81119,567
N81120,567
N81121,567
N81122,567
N81123,567
N81125,567
N81127,567
N81607,567
N81614,567
N81619,567
N81623,567
N81624,567
N81626,567
N81628,567
N81632,567
N81637,567
N81642,564
N81645,567
N81651,567
N81655,512
N82001,567
N82002,567
N82003,567
N82004,567
N82009,567
N82011,567
N82014,567
N82018,567
N82019,567
N82022,567
N82024,567
N82026,567
N82033,567
N82034,567
N82035,567
N82036,567
N82037,567
N82039,567
N82041,567
N82046,567
N82048,567
N82049,567
N82050,567
N82052,567
N82053,567
N82054,567
N82058,567
N82059,567
N82062,567
N82065,567
N82066,567
N82067,567
N82070,567
N82073,567
N82074,567
N82076,567
N82077,567
N82078,567
N82079,567
N82081,567
N82082,567
N82083,567
N82084,567
N82086,567
N82087,567
N82089,567
N82090,567
N82091,567
N82092,567
N82093,567
N82094,567
N82095,567
N82097,567
N82099,567
N82101,567
N82103,567
N82104,567
N82106,567
N82107,567
N82108,567
N82109,567
N82110,567
N82113,567
N82115,567
N82116,567
N82117,567
N82617,567
N82633,567
N82641,567
N82645,567
N82646,567
N82648,567
N82650,567
N82651,567
N82655,567
N82662,567
N82663,567
N82664,567
N82668,567
N82669,567
N82670,567
N82671,567
N82676,567
N82678,567
N83001,567
N83002,567
N83003,567
N83005,567
N83006,564
N83007,567
N83008,567
N83009,567
N83010,567
N83012,567
N83013,567
N83014,567
N83015,567
N83017,567
N83018,567
N83019,567
N83020,567
N83021,567
N83023,567
N83024,567
N83025,567
N83026,567
N83027,567
N83028,567
N83030,567
N83031,567
N83032,567
N83033,567
N83035,567
N83041,567
N83043,567
N83045,567
N83047,567
N83049,567
N83050,567
N83053,567
N83054,567
N83055,567
N83060,567
N83601,567
N83603,567
N83604,567
N83605,567
N83608,567
N83609,567
N83610,567
N83614,567
N83619,567
N83620,567
N83621,567
N83622,567
N83624,567
N83628,567
N83633,567
N83635,567
N83637,564
N84001,567
N84002,567
N84003,567
N84004,567
N84005,567
N84006,567
N84007,567
N84008,567
N84010,567
N84011,567
N84012,567
N84013,567
N84014,567
N84015,567
N84016,567
N84017,567
N84018,567
N84019,567
N84020,567
N84021,567
N84023,567
N84024,567
N84025,567
N84026,567
N84027,567
N84028,567
N84029,567
N84034,567
N84035,567
N84037,567
N84038,567
N84041,567
N84043,567
N84605,567
N84611,567
N84613,567
N84614,567
N84615,567
N84617,567
N84618,567
N84621,567
N84624,567
N84625,567
N84626,567
N84627,567
N84630,567
N85002,567
N85003,567
N85005,567
N85006,567
N85007,567
N85008,567
N85009,567
N85012,567
N85013,567
N85014,567
N85015,567
N85016,567
N85017,567
N85018,567
N85019,567
N85020,567
N85021,567
N85022,567
N85023,567
N85024,567
N85025,567
N85027,567
N85028,567
N85031,567
N85032,567
N85037,567
N85038,567
N85040,567
N85044,567
N85046,567
N85047,567
N85048,567
N85051,567
N85052,567
N85054,567
N85057,567
N85059,567
N85616,567
N85617,567
N85620,567
N85625,567
N85629,567
N85633,567
N85634,567
N85640,567
N85643,567
N85648,567
P81002,567
P81003,567
P81004,567
P81005,567
P81006,567
P81008,567
P81010,567
P81013,567
P81014,567
P81015,567
P81016,567
P81017,567
P81018,567
P81020,567
P81022,567
P81025,567
P81027,567
P81029,567
P81031,567
P81032,567
P81033,567
P81035,564
P81036,567
P81037,567
P81038,567
P81039,567
P81040,567
P81041,567
P81042,567
P81043,567
P81044,567
P81045,567
P81046,567
P81047,567
P81051,567
P81053,567
P81054,567
P81055,567
P81057,567
P81058,567
P81059,567
P81061,567
P81062,567
P81063,567
P81065,567
P81066,567
P81067,567
P81069,567
P81070,567
P81071,567
P81072,567
P81073,567
P81074,567
P81076,567
P81077,567
P81078,567
P81079,567
P81081,567
P81082,567
P81083,567
P81084,567
P81086,567
P81087,567
P81088,567
P81089,567
P81092,567
P81095,567
P81096,567
P81099,567
P81100,567
P81103,567
P81107,567
P81112,567
P81113,567
P81115,567
P81117,567
P81118,567
P81119,567
P81123,567
P81125,567
P81127,567
P81128,567
P81129,567
P81130,567
P81132,567
P81133,567
P81136,567
P81137,567
P81138,567
P81140,567
P81143,567
P81147,567
P81149,567
P81150,567
P81154,567
P81155,567
P81157,567
P81159,567
P81160,567
P81165,567
P81166,567
P81167,567
P81169,567
P81170,567
P81171,567
P81172,567
P81179,567
P81180,567
P81181,567
P81182,567
P81184,567
P81185,567
P81186,567
P81191,567
P81196,567
P81197,567
P81201,567
P81204,567
P81208,567
P81212,567
P81213,567
P81214,567
P81218,567
P81620,567
P81622,567
P81633,567
P81646,567
P81647,567
P81655,567
P81664,567
P81668,567
P81674,567
P81681,567
P81683,567
P81685,567
P81686,567
P81687,567
P81692,567
P81694,567
P81695,567
P81699,567
P81701,567
P81704,567
P81707,567
P81709,567
P81710,567
P81711,567
P81714,567
P81721,567
P81724,567
P81726,567
P81730,567
P81731,567
P81732,567
P81734,567
P81735,567
P81736,567
P81737,564
P81738,567
P81740,567
P81741,567
P81742,567
P81748,567
P81755,567
P81757,567
P81770,564
P81771,567
P81780,567
P82001,567
P82002,567
P82003,567
P82004,567
P82005,567
P82006,567
P82007,567
P82008,567
P82009,567
P82010,567
P82011,567
P82012,567
P82013,564
P82014,567
P82015,567
P82016,567
P82018,567
P82020,567
P82021,567
P82022,567
P82023,567
P82025,567
P82029,567
P82030,564
P82031,567
P82033,564
P82034,567
P82036,567
P82037,567
P82607,567
P82609,567
P82613,567
P82616,567
P82624,567
P82625,562
P82626,567
P82627,567
P82629,567
P82633,567
P82634,567
P82640,567
P82643,567
P82652,567
P82660,564
P83001,567
P83004,567
P83005,567
P83006,567
P83007,567
P83009,567
P83010,567
P83011,567
P83012,567
P83015,567
P83017,567
P83020,567
P83021,567
P83024,567
P83025,567
P83027,567
P83603,567
P83605,567
P83608,567
P83609,564
P83611,567
P83612,567
P83620,567
P83621,567
P83623,567
P84004,567
P84005,564
P84009,567
P84010,567
P84012,567
P84014,567
P84016,567
P84017,567
P84018,567
P84019,567
P84020,567
P84021,567
P84022,567
P84023,567
P84024,567
P84025,567
P84026,567
P84027,567
P84028,567
P84029,567
P84030,567
P84032,567
P84033,567
P84034,567
P84035,567
P84037,567
P84038,567
P84039,567
P84040,567
P84041,567
P84042,567
P84043,567
P84045,567
P84046,567
P84047,567
P84048,567
P84049,567
P84050,567
P84051,567
P84052,567
P84053,567
P84054,567
P84056,567
P84059,567
P84061,567
P84064,567
P84065,567
P84066,567
P84067,567
P84068,567
P84070,567
P84071,567
P84072,567
P84074,567
P84605,567
P84611,567
P84616,567
P84626,567
P84630,567
P84635,567
P84637,567
P84639,564
P84640,567
P84644,567
P84645,567
P84650,567
P84651,567
P84652,567
P84663,567
P84665,567
P84669,567
P84672,567
P84673,567
P84678,567
P84679,567
P84683,567
P84684,567
P84689,567
P84690,567
P85002,567
P85003,564
P85004,567
P85005,567
P85007,567
P85008,567
P85010,567
P85011,567
P85012,567
P85013,567
P85014,567
P85015,567
P85016,567
P85017,567
P85018,567
P85019,567
P85020,567
P85021,567
P85022,567
P85026,567
P85028,567
P85601,567
P85602,567
P85605,567
P85606,567
P85607,567
P85608,567
P85610,567
P85612,567
P85614,567
P85615,567
P85620,567
P85621,567
P85622,567
P86001,567
P86002,567
P86003,567
P86004,567
P86005,567
P86006,567
P86007,567
P86008,567
P86009,567
P86010,567
P86011,567
P86012,567
P86013,567
P86014,567
P86015,567
P86016,567
P86017,567
P86018,567
P86019,567
P86021,567
P86022,567
P86023,567
P86026,567
P86602,567
P86606,567
P86608,567
P86609,567
P86614,567
P86619,567
P86620,567
P86624,567
P87002,567
P87004,567
P87008,567
P87015,567
P87016,567
P87017,567
P87019,567
P87020,567
P87022,564
P87024,567
P87025,567
P87026,567
P87027,567
P87028,567
P87032,567
P87035,567
P87040,567
P87610,567
P87613,564
P87618,567
P87620,567
P87624,567
P87625,567
P87627,564
P87630,567
P87634,567
P87639,567
P87648,567
P87649,567
P87651,567
P87654,567
P87657,567
P87658,567
P87661,564
P88002,567
P88003,567
P88005,567
P88006,567
P88007,567
P88008,567
P88009,567
P88011,567
P88012,567
P88013,567
P88014,567
P88015,567
P88016,567
P88017,567
P88018,567
P88019,567
P88020,567
P88021,567
P88023,567
P88024,567
P88025,567
P88026,567
P88031,567
P88034,567
P88041,567
P88042,567
P88043,567
P88044,567
P88606,567
P88607,567
P88610,567
P88615,567
P88623,567
P88625,567
P88632,567
P89002,567
P89003,567
P89004,567
P89005,567
P89006,567
P89007,567
P89008,567
P89010,567
P89011,567
P89012,567
P89013,567
P89014,567
P89015,567
P89016,567
P89018,567
P89020,567
P89021,567
P89022,567
P89023,567
P89025,567
P89026,567
P89029,567
P89030,567
P89602,567
P89609,567
P89612,567
P89613,567
P89618,567
P91003,567
P91004,567
P91006,567
P91007,567
P91008,567
P91009,567
P91011,567
P91012,567
P91013,567
P91014,567
P91016,567
P91017,567
P91018,567
P91019,567
P91020,567
P91021,567
P91026,567
P91029,567
P91035,567
P91603,567
P91604,567
P91617,567
P91619,567
P91623,567
P91625,567
P91627,567
P91629,567
P91631,567
P91633,567
P92001,567
P92002,567
P92003,567
P92004,567
P92005,567
P92006,567
P92007,567
P92008,567
P92010,567
P92011,567
P92012,564
P92014,567
P92015,567
P92016,567
P92017,567
P92019,567
P92020,567
P92021,567
P92023,567
P92024,567
P92026,567
P92028,567
P92029,567
P92030,567
P92031,567
P92033,567
P92034,567
P92035,567
P92038,567
P92041,567
P92042,567
P92602,567
P92605,567
P92607,567
P92615,567
P92616,567
P92620,567
P92621,567
P92626,567
P92630,567
P92633,567
P92634,567
P92635,567
P92637,567
P92639,567
P92642,567
P92646,567
P92647,567
P92648,567
P92651,567
P92653,567
Y00020,567
Y00026,567
Y00033,567
Y00050,567
Y00056,567
Y00057,567
Y00058,567
Y00060,520
Y00078,567
Y00080,567
Y00090,567
Y00110,567
Y00137,567
Y00140,567
Y00155,567
Y00159,567
Y00184,567
Y00185,567
Y00186,567
Y00200,567
Y00206,567
Y00212,567
Y00228,567
Y00252,567
Y00260,567
Y00265,567
Y00278,567
Y00286,567
Y00293,567
Y00297,567
Y00312,567
Y00316,567
Y00328,567
Y00344,558
Y00347,567
Y00351,567
Y00352,567
Y00399,567
Y00403,567
Y00411,567
Y00412,567
Y00437,567
Y00445,567
Y00446,567
Y00449,567
Y00469,567
Y00471,567
Y00475,567
Y00486,567
Y00492,564
Y00507,567
Y00522,567
Y00542,567
Y00560,567
Y00561,567
Y00568,567
Y00589,567
Y00612,567
Y00726,567
Y00758,567
Y00774,567
Y00902,564
Y00912,567
Y00918,567
Y00969,567
Y00996,564
Y00999,567
Y01008,567
Y01011,567
Y01050,567
Y01051,567
Y01066,567
Y01068,564
Y01090,567
Y01108,567
Y01118,567
Y01124,567
Y01127,567
Y01132,567
Y01139,567
Y01163,567
Y01165,567
Y01206,567
Y01221,567
Y01280,567
Y01281,567
Y01291,567
Y01652,567
Y01655,567
Y01690,567
Y01695,567
Y01719,567
Y01756,567
Y01794,567
Y01795,567
Y01812,567
Y01839,567
Y01922,567
Y01929,567
Y01948,567
Y01964,567
Y02002,523
Y02117,567
Y02177,567
Y02212,564
Y02222,564
Y02260,567
Y02274,567
Y02319,567
Y02321,567
Y02322,567
Y02325,567
Y02332,567
Y02342,567
Y02344,567
Y02354,567
Y02378,567
Y02414,567
Y02423,567
Y02442,567
Y02463,567
Y02466,567
Y02469,567
Y02476,567
Y02494,567
Y02495,388
Y02506,567
Y02510,567
Y02517,567
Y02519,567
Y02520,567
Y02521,567
Y02526,564
Y02567,567
Y02571,567
Y02572,567
Y02575,567
Y02578,567
Y02586,567
Y02589,567
Y02594,567
Y02605,567
Y02606,567
Y02611,567
Y02622,567
Y02625,567
Y02626,567
Y02627,567
Y02633,567
Y02636,567
Y02639,567
Y02646,567
Y02653,567
Y02656,567
Y02657,567
Y02658,567
Y02663,567
Y02669,567
Y02671,567
Y02672,567
Y02674,560
Y02676,564
Y02684,567
Y02686,567
Y02692,567
Y02701,567
Y02707,567
Y02713,567
Y02718,567
Y02720,567
Y02721,567
Y02736,567
Y02747,567
Y02751,567
Y02753,567
Y02755,567
Y02757,567
Y02767,567
Y02769,567
Y02787,567
Y02790,567
Y02794,567
Y02795,567
Y02807,567
Y02811,567
Y02816,567
Y02827,567
Y02842,567
Y02847,567
Y02849,567
Y02867,567
Y02875,567
Y02885,567
Y02886,567
Y02890,567
Y02893,567
Y02900,567
Y02906,567
Y02928,567
Y02933,567
Y02936,567
Y02946,567
Y02960,567
Y02962,567
Y02973,567
Y02974,567
Y02986,564
Y02987,567
Y03023,567
Y03035,567
Y03049,567
Y03052,567
Y03063,567
Y03079,567
Y03103,491
Y03124,567
Y03135,567
Y03222,567
Y03296,567
Y03366,567
Y03402,567
Y03441,567
Y03587,293
Y03595,567
Y03597,567
Y03602,567
Y03656,567
Y03663,567
Y03664,567
Y03671,567
Y03755,567
Y04225,567
Y04266,567
Y04273,567
Y04662,567
Y04664,567
Y04809,564
Y04882,564
Y04884,567
Y04925,567
Y04942,479
Y04947,567
Y04951,567
Y04952,567
Y04957,567
Y04965,567
Y04968,567
Y04969,567
Y04977,567
Y04995,567
Y05023,567
Y05080,567
Y05167,567
Y05212,567
Y05248,567
Y05286,567
Y05291,567
Y05317,567
Y05318,567
Y05330,564
Y05346,567
Y05349,567
Y05363,567
Y05364,567
Y05369,567
Y05412,242
Y05622,567
Y05690,567
Y05733,567
Y05750,558
Y05826,567
Y06007,567
Y06113,567
Y06218,567
Y06275,567
Y06345,567
Y06356,567
Y06378,567
Y06443,567
Y06487,514
Y06507,567
Y06659,567
Y06792,567
